id,name,year,month,day,hour,text,geo,coordinates,place,location,lang
1.3026E+18,Kulit Kuaci ğŸ‘½ | #110DaysWithSecretNumber,2020,Sep,06,13:21:59,"@bucindenise_ @GoodDayID @5ecretNumber Eii salah keyword itu ğŸ˜­ğŸ˜­
Gw beliin lu martabak pahit entar kalau salah keywoâ€¦ https://t.co/Oj9SKoCMpI",,,,ğŸ‡®ğŸ‡©,in
1.3026E+18,satto,2020,Sep,06,13:21:04,"ciphertexts: åˆåŒå¼ã„ã˜ã£ã¦ç„¡ç†ã‚„ã‚Šcommon modulus attack
bitcrypto: å¹³æ–¹å‰°ä½™ã®ãƒ‘ã‚¿ãƒ¼ãƒ³å¢—ã‚„ã—ã¦keywordä½œã‚‹
padding oracle: ãƒ†ãƒ³ãƒ—ãƒ¬ã‚½ãƒ«ãƒã‚’ivã‹ã‚‰æ”¹ã–ã‚“ã™ã‚‹ã‚ˆã†â€¦ https://t.co/dHJXfb7DxI",,,,,ja
1.3026E+18,âœ¨,2020,Sep,06,13:19:42,"@BacotUmeki eh gara2 ngestalk tweet mereka yg pake keyword itu, gue jd paham anjg wkwkwk sumpaa bisa dah gue tinggal disana",,,,nebula,in
1.3026E+18,Capricorn Stellium â™‘ğŸŒˆâœŠ,2020,Sep,06,13:18:27,"AO3, I'm gonna need you to filter all these fan fictions with keyword ""depression"" so I can cope in the only moderaâ€¦ https://t.co/5bNyB7xqnB",,,,"London, England",en
1.3026E+18,Jorge,2020,Sep,06,13:18:22,"@JosephineBoSaab @GeorgesAdwan Schizophrenia is a chronic (brain) disorder. The keyword here is ""brain"", thus it doâ€¦ https://t.co/TtM8VgBpDb",,,,,en
1.3026E+18,BTS PAKISTAN GALAXY âŸ­âŸ¬ â·ğŸ‡µğŸ‡°ğŸ§¨,2020,Sep,06,13:18:03,"ARMYs! We are so close to hit 900K SHAZAMS letâ€™s go ğŸ’¥ğŸ§¨

Use keyword: DynamiteTo400M

Check tutorial by:â€¦ https://t.co/GSlRwOfj1X",,,,Pakistan,en
1.3026E+18,Nishi murthy,2020,Sep,06,13:17:52,"@Naina34837138 @Bhakti05495768 @anubha1812 Mam history check karlo ya keyword jo type kia tha wo btado , youtuber ka naam btado ??ğŸ™ğŸ»ğŸ™ğŸ»",,,,à¤…à¤¨à¤‚à¤¤ à¤†à¤•à¤¾à¤¶ à¤®à¥‡à¤‚ à¤¬à¤¹à¥à¤¤ à¤¸à¥‚à¤•à¥à¤·à¥à¤® ,tl
1.3026E+18,CHEESEBALLS ğŸ§€,2020,Sep,06,13:17:42,@JimquasYT_ @DCnumerology I love how u said I know some Scorpios and Iâ€™m â€œASâ€ smart like them .... keyword. â€œASâ€ .... ğŸ˜‚ğŸ˜‚ğŸ˜‚,,,,,en
1.3026E+18,ğ‘¨ğ’ğ’‚ğ’ğ’‚Ë¢Ë£áµ,2020,Sep,06,13:17:40,"@yecrm Boleh lah, ini lagi nyari pict. Tapi keyword nya apa njir. Kaga nemu",,,,â”Šá´˜á´€Ê€á´› á´êœ° #âƒ â‚›â‚œâ‚áµ£Fâ‚â‚˜â‚›,in
1.3026E+18,Asha et une A,2020,Sep,06,13:16:20,@marveldown @Bomboclaato What's the keyword for the fullver in yt?,,,,æ—¥æœ¬ æ±äº¬ 1962å¹´,en
1.3026E+18,Work At Home Mike,2020,Sep,06,13:16:16,"Best Free Keyword Research Tools 2019 

Check out the video here: https://t.co/X0XshK5TjJ

#seo #keywordresearch https://t.co/7W1uebtJal",,,,"Minneapolis, MN",en
1.3026E+18,oh hi mark ğŸ‘‹,2020,Sep,06,13:16:16,@chrismaddern @sergekass Itâ€™s true.. hmm the keyword in plays meaning is enjoyment .. Iâ€™d say some biz apps figured that one out ğŸ§,,,,"Venice, CA",en
1.3026E+18,brian morons,2020,Sep,06,13:16:10,"@RealDeniseWelch @jamiesmart â€œChanceâ€ is the keyword.  Also,  add apples and oranges to your keywords.",,,,,en
1.3026E+18,in Biz Blog,2020,Sep,06,13:16:10,"Make far better #marketing choices having access to excellent #keyword phrases, by gaining important inbound #linksâ€¦ https://t.co/K87uy5y77V",,,,Hampshire UK,en
1.3026E+18,mitsu,2020,Sep,06,13:15:24,"#InterKosenCTF
bitcryptoã€2ãŒéå¹³æ–¹å‰°ä½™ã«ãªã‚‹ãã˜å¼•ã(1/2ãã‚‰ã„)ã‚’ã™ã‚Œã°ã€å¹³æ–¹æ•°ãŒ0ã«ã€å¹³æ–¹æ•°ã«é©å½“ã«2ã‚’ã‹ã‘ã‚Œã°1ã«ãªã‚‹æ•°å­—ãŸã¡ãŒä½œã‚Œã‚‹ã®ã§ãã‚Œã‚’keywordã®ãƒ“ãƒƒãƒˆé †ã«ä¸¦ã¹ã‚Œã°è§£ã‘ã¾ã™",,,,ãˆãƒ¼ã„,ja
1.3026E+18,vivianğŸ¦‡ //rest,2020,Sep,06,13:14:57,@A3Fess keyword,,,,ğŸ¦ğŸ¦‡ğŸ‘‘âš¡,en
1.3026E+18,John Willy McLoughlin || ğŸ„skepticshitÃ¨ğŸ„,2020,Sep,06,13:14:01,@pewdsmh keyword here. Imagine.,,,,she/her. ,en
1.3026E+18,luvv,2020,Sep,06,13:12:36,"@tanyainrl Dripada buat iklan mending buat fake order nder, manfaatin promo gratong, janlup riset keyword juga biarâ€¦ https://t.co/KRdq5GAmQQ",,,,No Where,in
1.3026E+18,Uhuru Network,2020,Sep,06,13:12:00,Choosing the right keyword is crucial to your SEO strategy. Learn the steps involved in choosing the perfect keyworâ€¦ https://t.co/rrgUlJz90M,,,,"Austin, Texas",en
1.3026E+18,Angel #FUDISNEYPARTY,2020,Sep,06,13:11:44,@FU97JAEHYUN Lo ngeserach di yutub gitu keyword nya? WKWK,,,,non-da.....,in
1.30259E+18,Witch,2020,Sep,06,13:09:40,"@PrudentHermit Thereâ€™s another way too...
@username followed by key word..it will pull up all your tweets and replies having the keyword.",,,,Witch Castle.,en
1.30259E+18,rara â€¢ ğŸ¦ŠğŸ® spokesperson,2020,Sep,06,13:09:24,@A3Fess keyword,,,,she/her,en
1.30259E+18,=REN= BIRTHDAY MONTH,2020,Sep,06,13:07:50,@A3Fess keyword?,,,,MaM is Eternal â¤ï¸,en
1.30259E+18,KY_04,2020,Sep,06,13:07:00,@nm_tsunami @aerogenioso @BR_NBA Bruh read my post before arguing. I called the suns organization dogshit (keyword:â€¦ https://t.co/m0g3hFjsxK,,,,,en
1.30259E+18,LD Jr.,2020,Sep,06,13:06:59,@PARISDENNARD @realDonaldTrump @PARISDENNARD keyword â€œhadâ€,,,,"Pompano Beach, FL",en
1.30259E+18,a,2020,Sep,06,13:06:34,@A3Fess kiwaaaad/keyword tsumu,,,,cw: housekishou richard-shi. ,in
1.30259E+18,Vik,2020,Sep,06,13:05:45,@Ifcnathan @mxd65_ keyword: divorced,,,,,et
1.30259E+18,stel âœ¨,2020,Sep,06,13:05:25,@A3Fess keyword,,,,Nurude Household,en
1.30259E+18,Princess Jasmine.,2020,Sep,06,13:04:50,@FU97BYUNGCHAN Heem nyarinya susah wkwk keyword nya itu loh,,,,FUFAMS.,in
1.30259E+18,KN,2020,Sep,06,13:02:51,@Ziqoftw @Blizzard_Ent Is that keyword 'muted'?,,,,,en
1.30259E+18,ğŸ° Officer Judith Laverne Hopps #FUDISNEYPARTY,2020,Sep,06,13:01:07,minnie mau tanya dong. td searching pake keyword apa? @FU97MINNIE,,,,#FUFAMS,in
1.30259E+18,HOT 99.5 ğŸ˜·,2020,Sep,06,13:00:43,ğŸ¢ It's a HOT 99.5 @SixFlags America Texting Weekend! Listen today and tomorrow for the keyword to text to win a 4-pâ€¦ https://t.co/688Nu72YaK,,,,DC / MD / VA,en
1.30259E+18,Â¹áµ‡ğŸ¥ğŸ’ğŸ»,2020,Sep,06,12:58:30,"@oktawongkin omgğŸ˜±ğŸ˜±ğŸ˜±ğŸ˜±
ngeri bgttt ini kalau mau baca lengkap nya  dimana atau search pakai keyword apa ya",,,,"Jakarta, ID",in
1.30259E+18,OTS Solo,2020,Sep,06,12:57:47,"@Straight_Figi Shit ima try , keyword TRY",,,,,en
1.30259E+18,nğŸ¾,2020,Sep,06,12:57:25,@fragiIej blm tp ak menerka dari keyword scrunchie,,,,,in
1.30259E+18,ITSolution,2020,Sep,06,12:57:00,"Answer of Previous Quiz Tweet:

Yes, thatâ€™s what keyword sealed in the class definition is for. The developer tryinâ€¦ https://t.co/GLUtkT90xI",,,,"Dhaka, Bangladesh",en
1.30259E+18,AMEERAH,2020,Sep,06,12:56:21,this doesn't apply to ppl reaching out to better (keyword) understand and educate themselves on certain topics butâ€¦ https://t.co/RLuvzZiofO,,,,"20, she/her",en
1.30259E+18,Felix. #ğˆğç”Ÿ,2020,Sep,06,12:55:40,@domeiraki Pake keyword,,,,sÅulâ€“030,en
1.30259E+18,HSW_Support,2020,Sep,06,12:55:32,"[ğŸ“º] 200906 JTBC Soccer Videos

Likeâ™¥ï¸+âœğŸ»write positive comments+ ğŸ”„ with keyword 'ë­‰ì³ì•¼ì°¬ë‹¤ í•˜ì„±ìš´'

Naverâ€¦ https://t.co/jdOevvH8vp",,,,,ko
1.30259E+18,Eloflol,2020,Sep,06,12:54:23,"5$ ETH STREAM GIVEAWAY!

âœ…Follow me + RT + Like
âœ…Be in stream for keyword - https://t.co/ZBrwla0nr2
âœ…Tag a friend https://t.co/mKoZBiJRzs",,,,,en
1.30259E+18,Ù‹ ğ’ğ’‚ğ’‰ğ’†ğ’”ğ’‚; INç”Ÿ,2020,Sep,06,12:53:59,@seungsmate keyword kaya gini tuh gimana sih naa,,,,`ril_lixxlee28,in
1.30259E+18,tafin,2020,Sep,06,12:53:58,@keyword_ID èª°ã‹ã¨ã—ãŸæ–¹ãŒæ–­ç„¶æ¥½ã—ã„ã‚²ãƒ¼ãƒ ,,,,mafin,ja
1.30259E+18,marcel â˜€ï¸ SWALLOWED XENOVERSE 2,2020,Sep,06,12:52:59,@Kurusey the keyword is yet. you havent chosen the right game.,,,,marcel#1111,en
1.30259E+18,Menjunjung TELORASIN Â¯\_(ãƒ„)_/Â¯,2020,Sep,06,12:51:09,@txtfromyourbae @bocahanTanjidor @onyaadatiga @memefess nah ini juga salah satu keyword SJW pelangi,,,,Indonesia,in
1.30259E+18,ecah ğŸ’,2020,Sep,06,12:50:24,@IttIeprince @_Valorem_ If no one called him racist that search keyword wouldnâ€™t have gone up. I didnâ€™t say it wasâ€¦ https://t.co/NO4RCkJTN2,,,,wangxiao cave,en
1.30259E+18,Threader,2020,Sep,06,12:48:40,"@pageman Hi Paul, Threader doesn't work with this word. Mention us with the keyword 'compile' to trigger our bot.â€¦ https://t.co/ewcRTAgvgx",,,,Author? You can opt-out with the keyword â€œpauseâ€,en
1.30259E+18,Yanya,2020,Sep,06,12:48:23,"@zmjprincess yes. even you can filter them by keyword, username or etc. replies and retweets as well. play with filâ€¦ https://t.co/KSdsADXFpd",,,,"GÃ¶teborg, Sverige",en
1.30259E+18,Midweb Services,2020,Sep,06,12:46:14,"Once you've established the main keyword of your site, then use related words or synonyms to help optimize your webâ€¦ https://t.co/xpcd8CF7YB",,,,Staffordshire UK,en
1.30259E+18,Flex,2020,Sep,06,12:45:51,"@ammarterasu Setelah gue nonton di reuploader dan nyari keyword prank terparah di twitter, akhirnya gue tau maksudnâ€¦ https://t.co/QD0ZEsxH5m",,,,Betelgeuse,in
1.30259E+18,ğ‘ªğŸ’«,2020,Sep,06,12:42:16,Mau nntn fullnyaaaa pls apaa keyword nyaaaaa hikssss. https://t.co/qgEW4x0iTY,,,,7for7,in
1.30259E+18,Threader,2020,Sep,06,12:40:40,"@iffyChika Hey iheyinwa, use the keyword 'compile' to trigger Threader's bot.

More info here: https://t.co/ATsFKIG9Bv",,,,Author? You can opt-out with the keyword â€œpauseâ€,en
1.30259E+18,naki semi ia,2020,Sep,06,12:38:38,"lettuce... do a challenge ğŸ‘ğŸ¦·ğŸ‘

give me a ship and a keyword and i'll giv u 3 lines of dialouge lang to make the sceâ€¦ https://t.co/LZjttHDuBV",,,,21 â†‘ she/her,en
1.30259E+18,âŸ¬âŸ­ (ï½¡â™¡â€¿â™¡ï½¡)â·ğŸ¥ğŸ°,2020,Sep,06,12:38:18,What if jimin is a keyword for jungkook and v was the one who left with him?? https://t.co/cx56S3FB48,,,,,en
1.30259E+18,Matthew Rowles,2020,Sep,06,12:36:06,@evilokapi Nope. There's a keyword in topas that helps to convert stuff into eV and you can do rietveld fits directly in E-space.,,,,"Perth, Western Australia",en
1.30259E+18,Masaru Kamei,2020,Sep,06,12:34:38,https://t.co/EQOXb2IAiyèŠ³æ ¹äº¬å­&amp;op=AND&amp;keyword_not=&amp;op_not=OR&amp;year_1=&amp;month_1=&amp;day_1=&amp;year_2=&amp;month_2=&amp;day_2=&amp;from_hourâ€¦ https://t.co/ZXGvvCGj5H,,,,Japan,und
1.30259E+18,Furret76,2020,Sep,06,12:34:07,"@Stormy_Folf That keyword retweet

Its not a very dignified way to get likes but it works",,,,"Cabot, AR",en
1.30259E+18,æ¸…ç”°ç›´äºº/ãƒãƒƒãƒã‚ª,2020,Sep,06,12:33:50,@keyword_k ã‚ã‹ã‚‹ãªã‚“ã‹é€†ã«å¡©æ¢…ã‚ã‹ã‚‰ã‚“,,,,æ±äº¬,ja
1.30258E+18,Rookie,2020,Sep,06,12:30:30,@coolfunnytshirt Bhai keyword miss kar rahe ho tum https://t.co/nxGsoCvx1M,,,,"Mumbai, India",et
1.30258E+18,ğŸ¦€CrabboChrissoğŸ¦,2020,Sep,06,12:27:33,"I MISSED LIKE THREE PROMPTS BC OF TOOTHY HURTY
Here is the one for day three, keyword ""muster"".
Hope you enjoy!â€¦ https://t.co/sl10Wu9hOD",,,,Germany,en
1.30258E+18,ğŸ¥,2020,Sep,06,12:27:28,@bubblybube search di google pake keyword secreto a,,,,Indonesia,en
1.30258E+18,ĞĞµĞºÑÑ‚Ğ´Ğ¶ĞµĞ½ Ğ¸ Ğ£ÑĞ¸Ğ»ĞµĞ½Ğ¸Ğµ,2020,Sep,06,12:25:53,"Ğ£ Ğ½Ğ°Ñ ĞµÑÑ‚ÑŒ:

* Three ğŸ‘ way ğŸ‘ comparison ğŸ‘
* Designated initializers ğŸ’ªğŸ’ªğŸ’ª
* constinit keyword ğŸ˜‰
* std::ranges ğŸ˜ğŸ˜ğŸ˜
*â€¦ https://t.co/CocZuAu1eK",,,,eternal void,und
1.30258E+18,Threader,2020,Sep,06,12:24:40,"@AAAprosarmostos Hey Î‘Î‘Î‘Ï€ÏÎ¿ÏƒÎ±ÏÎ¼Î¿ÏƒÏ„Î¿Ï‚_Î“Î±Î´Î±ÏÎ±ÎºÎ¿Ï‚, use the keyword 'compile' to trigger Threader's bot.

More info herâ€¦ https://t.co/j7mIplm2SD",,,,Author? You can opt-out with the keyword â€œpauseâ€,und
1.30258E+18,Fawad Khan,2020,Sep,06,12:23:16,"@abbaskhaan_ @PTIofficial Q. How to be truly patriotic? 
A. Just replace every slogan's keyword with Pakistan",,,,,en
1.30258E+18,ğŸŒ¸â„Œğ”ğ”©ğ”¤ğ”ğ”©ğ”ğ”·ğŸŒ¸,2020,Sep,06,12:19:27,"@e_c98 wip must be a keyword to get attention ğŸ˜­ğŸ˜­ traction depends a lot on the hour , I always post before going toâ€¦ https://t.co/O8eWW5Ge5l",,,,France,en
1.30258E+18,teh vy,2020,Sep,06,12:16:05,@biskuitcrackers @collegemenfess Muk tanya yg sebelah kiri keyword nya apa kalo cari di olshop,,,,,in
1.30258E+18,cm,2020,Sep,06,12:14:46,@biskuitcrackers @collegemenfess keyword nya apa kalo mau beli,,,,she/her ,in
1.30258E+18,Iife is shyt,2020,Sep,06,12:12:40,@jjjohnny23 @KTHPERVT @xeemthxee @jensom_ @AREAJULID Ya 2018 itu yang era rame akhirnya diapusin video2 keyword jenâ€¦ https://t.co/FXfHb7Uu9M,,,,,in
1.30258E+18,ğ–§µyolleâ·ç”Ÿ,2020,Sep,06,12:10:11,@BEOMGYUQUU cari pake keyword coba,,,,world,in
1.30258E+18,Mimi ğŸ¤³ tjinking bout irls,2020,Sep,06,12:09:59,Aight ima. TRY and sleep (keyword try) i'll get back to the thread when im on again &lt;3 see yall later â¤,,,,She/Her,en
1.30258E+18,Ali Javaid,2020,Sep,06,12:09:14,@garf_art The problem with keyword search in Google n then finding relevant articles that support your narrative isâ€¦ https://t.co/cGuHJGmgMM,,,,faisalabad,en
1.30258E+18,tacaa,2020,Sep,06,12:08:16,"@yakali_min @srikandhi__ @omybeautybank Mff jbjb,itu di Google?kalo iya keyword nya apa?",,,,,in
1.30258E+18,Threader,2020,Sep,06,12:06:40,"@Buckaroo1967 Hey Buckaroo1967, use the keyword 'compile' to trigger Threader's bot.

More info here: https://t.co/ATsFKIG9Bv",,,,Author? You can opt-out with the keyword â€œpauseâ€,en
1.30258E+18,BTS PAKISTAN GALAXY âŸ­âŸ¬ â·ğŸ‡µğŸ‡°ğŸ§¨,2020,Sep,06,12:06:16,"[ ğŸ§ ] The party has started! ğŸ‰

Share YT + Shazam screenshots with us ğŸ“¸

ğŸ’¥ğŸ’¥ğŸ’¥ğŸ’¥ğŸ’¥ğŸ§¨ğŸ§¨ğŸ§¨

Use keyword: DynamiteTo400M

Makâ€¦ https://t.co/SJyEvstT5E",,,,Pakistan,en
1.30258E+18,candyğŸ¥µ,2020,Sep,06,12:04:48,@614nim keyword nya ğŸ˜‡ serah lu satğŸ˜‡,,,,i realized that ì°¬ë°± is real!,in
1.30258E+18,â„ï¸ ğ‡ğ²ğ®ğ§ğ‰ğ¢ğ³ INç”Ÿ | wallpaperğŸ“Œ,2020,Sep,06,12:04:37,"/me scrolling keyword â€œstray kids fanartâ€/
/thinking about posting one/
/seeing other stayâ€™s fanart/
/insecure/
/soâ€¦ https://t.co/7saWZ4pao9",,,,ğ’ğŠğ™ ğˆğ’ğ‹ğ€ğğƒ â™¡ï¸ she/her,en
1.30258E+18,Jennifer,2020,Sep,06,12:02:58,Let me be clear about this; porn is problematic (keyword) for two reasons:,,,,,en
1.30258E+18,ray ç”Ÿ,2020,Sep,06,12:01:12,"@fanboytwiceskz searchnya gmna keyword nya,,, eh gmna si ko ak gapahamğŸ˜­",,,,06 | she/her | selective,in
1.30258E+18,TattleTail ğŸ‡ºğŸ‡¸ ğŸ‡ºğŸ‡¸ ğŸ‡ºğŸ‡¸,2020,Sep,06,12:00:33,"@realDonaldTrump ""Look"" is his dementia keyword. Babbling idiocy seems to always follow ""Look"".",,,,Tell the police.,en
1.30258E+18,Cale!!!,2020,Sep,06,12:00:24,"@OOTDFESS No 1 nderr kalo biar ga terlalu keliatan kurus

Btw baju yg no 2 beli di manaa? Terus yg tau, nama bajunya apa itu keyword nyaa?",,,,selective following,in
1.30258E+18,ğ’„ğ’Šğ’ğ’‚ğ’,2020,Sep,06,11:54:42,"@womanfeeds_id Hmm ga bisa drop ootdnya karena gapernahğŸ˜¬ saranku, coba cek di pinterest pake keyword â€œbirthday lunch outfitâ€",,,,Jakarta Capital Region,in
1.30258E+18,Cik Maneess ğŸ‡²ğŸ‡¾,2020,Sep,06,11:54:34,"QUALITY SCORE
Betapa relevan keyword ini dengan listing kita. Lagi tinggi lagi bagus.

SEARCH VOLUME
Jumlah searchâ€¦ https://t.co/xrI1blNabY",,,,,in
1.30258E+18,aurora,2020,Sep,06,11:54:24,@unsrifess ahbstrak keyword authorio,,,,,nl
1.30258E+18,Wianto Lim,2020,Sep,06,11:51:54,"@IndosatCare mohon dibantu. saya selalu gagal beli paket nelpon
""Maaf, keyword yang Anda masukan salah. Untuk inforâ€¦ https://t.co/tKxLJ0LXd1",,,,,in
1.30258E+18,suka nugreentea,2020,Sep,06,11:51:08,@hazardousIy akuu udah nyari pake keyword ituu tp munculnya cuman yg ini https://t.co/zEydEiKyGG,,,,,in
1.30257E+18,â„ğ•–ğ•–ğ•«,2020,Sep,06,11:47:30,@haezthetic What's the keyword? ğŸ˜­ğŸ¤£ğŸ¤£,,,,,en
1.30257E+18,koceng kresek,2020,Sep,06,11:46:12,"@womanfeeds_id udah sering ditanyain dibase nder search pake keyword aja, kalo kurang reviewnya cari di google, sociolla, female daily",,,,,in
1.30257E+18,ğŸ‘ ninddy,2020,Sep,06,11:42:00,"@jenoojjaem engga, tapi mereka search keyword itu",,,,,in
1.30257E+18,iBot,2020,Sep,06,11:40:43,keyword buat nyari kucing ini apa? https://t.co/uw8j5zG9QH,,,,Kebayoran Baru,in
1.30257E+18,Bootstrapping Ecommerce,2020,Sep,06,11:40:15,"The best free &amp; premium keyword tools all digital marketers can use! https://t.co/JOMfa2H9UO

#ecommerce #entrepreneur",,,,,en
1.30257E+18,ğœğšğœğ¡ğš D-DAY THE GIFTED GRADUATIONâœ¨,2020,Sep,06,11:40:09,@butuhliburann aku juga minta maaf huhuğŸ˜” btw itu dicari di searchbar pake keyword 'au jaehyun penyiar radio' gaada ya?,,,,ğŸ‡°ğŸ‡· ğŸ‡®ğŸ‡© ğŸ‡¹ğŸ‡­,in
1.30257E+18,Noona,2020,Sep,06,11:39:21,@pow_shine @amsqlzq @mynameisnanon Stiker nya yg kek gitu keyword nya apa,,,,,in
1.30257E+18,micin sender â€¢KINDA IA | INç”Ÿ,2020,Sep,06,11:36:45,"@hanikedua huaaa sampe cari tp keyword nya ""hoodie skz"" ""Hoodie idol"" ak bego bgt ga ngertiğŸ˜­ğŸ‘",,,,02L,in
1.30257E+18,natalieâ™¡ TOH spoilers,2020,Sep,06,11:35:45,@Mayathemanic i donâ€™t even like the way it looks tbh. the keyword there was â€œbrieflyâ€,,,,Appearing everywhere you look,en
1.30257E+18,Nelson PeÃ±aherrera Castillo,2020,Sep,06,11:35:20,And I think the keyword is that â€“ partnership. And #partnership could work perfectly in the second range ofâ€¦ https://t.co/oaZuFysmSp,,,,"sullana, Piura, PerÃº",en
1.30257E+18,Aria Rajasa Masna,2020,Sep,06,11:35:00,"Gila si ini, dari android app nya bisa kok checkout.

Cari aja keyword Black Panther, Killmonger, Shuri. https://t.co/8HCO53AjHh",,,,"Jakarta, Indonesia",in
1.30257E+18,micin sender â€¢KINDA IA | INç”Ÿ,2020,Sep,06,11:33:33,"pengen sekali beli baju atau hoodie atau apa kek yang mirip bias, tapi nyarinya gmn, keyword nya apaâ˜¹ï¸",,,,02L,in
1.30257E+18,Amratanshu Shrivastava,2020,Sep,06,11:32:10,"@Real_hihellhi @appleparody_usa @MKBHD Yeah man, the keyword before optical was imp. I hinted at the multi-x zooms.â€¦ https://t.co/rqPtkR3BhZ",,,,,en
1.30257E+18,olatunde ğŸ’¡ğŸ’¡ğŸ’¡,2020,Sep,06,11:28:35,@HenryCarterIV @crystalabeeke @Bami______ But she threaten lay on that she is going to kill him keyword THREATEN,,,,,en
1.30257E+18,nis.,2020,Sep,06,11:28:28,"@literarybase coba cari pake keyword metropop untuk terbitan GM, city light untuk yg terbitan elex nder. banyak lisâ€¦ https://t.co/Id7CDiNHsz",,,,,in
1.30257E+18,Invisible Opera Company of Tibet,2020,Sep,06,11:27:00,@RadicuIatus @ordurebizzare Bikin keyword dong kaya meemfeast,,,,Ø±Ù…Ø§Ø­,in